Code,Designation
RB1056,801
AA-01-C-,ACROLIQUE C
AA-01-F-,ACROLIQUE F
AA-01-R-,ACROLIQUE R
AA-01-U-,ACROLIQUE U
A-2801,AGIS BEJ
A-2808,AGIS BLEU
A-2804,AGIS BLEU-GRIS
A-12301,AGIS MARRON
A-2806,AGIS ORANGE
A-2805,AGIS ROZE
A-12300,AGIS TOP
A-2800,AGIS VERT
A-2802,AGIS VIOLET 
V01-214878,AHVAL 
V02-214879,AHVAL 
V03-214880,AHVAL 
V04-214881,AHVAL 
V05-214882,AHVAL 
V06-214883,AHVAL 
V07-214884,AHVAL 
V08-214885,AHVAL 
B-45-N°12,AL 416 N°12/ FS
B-45-N°14,AL 416 N°14
B-45-N°15,AL 416 N°15 FS
B-45-N°19,AL 416 N°19=0FSK
B-45-N°2,AL 416 N°2 FS
B-45-N°27,AL 416 N°27
B-45-N°28,AL 416 N°28
B-45-N°29,AL 416 N°29
B-45-N°3,AL 416 N°3 FS
B-45-N°32,AL 416 N°32
B-45-N°4,AL 416 N°4=0FSK
B-45-N°5,AL 416 N°5 FS
654-01,AL654 N°01
654-02,AL654 N°02
654-03,AL654 N°03 FS
654-05,AL654 N°05
654-06,AL654 N°06
654-07,AL654 N°07
654-08,AL654 N°08FS
654-12,AL654 N°12
654-18,AL654 N°18 =0 FSK
654-22,AL654 N°22
685-01,AL685 N°01
685-02,AL685 N°02=0FSK
685-03,AL685 N°03 FS
685-06,AL685 N°06 FS
685-07,AL685 N°07
685-08,AL685 N°08 FS
685-12,AL685 N°12
685-18,AL685 N°18=0FSK
685-22,AL685 N°22=0 FS
685-05,AL685 N°5 FS
734-01,AL734 N°1 FS
734-10,AL734 N°10 FS
734-16,AL734 N°16
734-17,AL734 N°17
734-24,AL734 N°24
734-25,AL734 N°25 FS
734-03,AL734 N°3 FS
734-06,AL734 N°6
734-07,AL734 N°7=0 fs
734-08,AL734 N°8 FS
734-09,AL734 N°9
753-04,AL753 N°04 FS
753-07,AL753 N°07 FS
753-11,AL753 N°11
753-13,AL753 N°13
753-14,AL753 N°14 FS
753-18,AL753 N°18
753-02,AL753 N°2 FS
753-21,AL753 N°21
753-25,AL753 N°25 FS=0
753-03,AL753 N°3 FS
753-05,AL753 N°5 FS
753-06,AL753 N°6 FS
753-08,AL753 N°8=0 FSK
812-01,AL812 N°1
812-12,AL812 N°12
812-13,AL812 N°13
812-17,AL812 N°17
812-24,AL812 N°24
812-25,AL812 N°25
812-03,AL812 N°3
812-06,AL812 N°6
812-07,AL812 N°7 FS
812-08,AL812 N°8=0FSK
812-09,AL812 N°9
880-02,AL880 N°02
880-04,AL880 N°04
880-05,AL880 N°05
880-25,AL880 N°25
880-39,AL880 N°39
880-52,AL880 N°52
880-54,AL880 N°54
880-59,AL880 N°59
880-60,AL880 N°60
880-62,AL880 N°62
880-65,AL880 N°65
880-67,AL880 N°67
880-88,AL880 N°88
880-89,AL880 N°89
A-122-01,ALABORA 122-01
A-310-01,ALABORA 310-01
A-330-01,ALABORA 330-01
A-330-02,ALABORA 330-02
A-330-03,ALABORA 330-03
A-370-01,ALABORA 370-01
A-370-02,ALABORA 370-02
A-425-01,ALABORA 425-01
B33-N01-N01-A10,ALEXA 
B33-N03-N03-A10,ALEXA 
B33-N46-N46-A10,ALEXA 
B33-N47-N47-A10,ALEXA 
B33-N48-N48-A10,ALEXA 
B33-N49-N49-A10,ALEXA 
B33-N50-N50-A10,ALEXA 
B33-N51-N51-A10,ALEXA 
B33-N52-N52-A10,ALEXA 
B33-N54-N54-A10,ALEXA 
AMMO-310-02,AMMO BEJ
AMMO-900-01,AMMO KREAM
AMMO 370-01,AMMO MARRON
AMMO-360-01,AMMO TURKUAZ
AMMO-122-01,AMMO VERT
A-17668,AMORE 
A-4137,AMORE BAL KOPUGO
A-5057,AMORE BAROK BEJ
A-4604,AMORE GRI
A-2171,AMORE HARDAL 
A-2174,AMORE KESTANE
A-2901,AMORE KIRMIZI
A-2277,AMORE KOYU BEJ
A-2898,AMORE LACI
A-2366,AMORE MOR
A-2177,AMORE VIZION
C08-47271,ANZER BAKIR
C08-401959,ANZER BLANC
C08-47270,ANZER CREAM
C08-47272,ANZER MARRON 
C08-47676,ANZER NOIR
C08-472,ANZER WHISKY
102,ARENA
20,ARENA
200,ARENA
3,ARENA
30,ARENA
300,ARENA
36,ARENA
43,ARENA
56,ARENA
59,ARENA
667,ARENA
75,ARENA
797,ARENA
84,ARENA
85,ARENA
31,ARENA FS
58,ARENA FS
802,ARENA fs
312,arexa
C23-49580,ARGON
C23-49574,ARGON BAKIR
674-49579,ARGON BEJ
C23-400667,ARGON BLANC
C23-01,ARGON doré
C23-49581,ARGON GRIS
C23-49578,ARGON MARRON
B20-1696-4403*A0178,ARIZONA 
B20-1696-13050 UN,ARIZONA -UNIT-VIO-ROSE
B20-1696-4403,ARIZONA *AY001
B20-1696-13050,ARIZONA F-VIO-ROSE
B20-1696-13150,ARIZONA-AY002
B20-1696-13100*AY002,ARIZONA-F
B20-1696-13150*A0178,ARIZONA-UNIT
B20-1696-13100 UN,ARIZONA*A0178
A-N°03,ARMANI
A-N°04,ARMANI
A-N°11,ARMANI
A-N°13,ARMANI
A-N°14,ARMANI
A-N°16,ARMANI
A-N°19,ARMANI
A-N°2,ARMANI
A-N°20,ARMANI
A-N°22,ARMANI
A-N°40,ARMANI
A-N°5,ARMANI
A-N°6,ARMANI
A-N°7,ARMANI
C24-49627,ATLAS SDF BRONZE 
AV-4,AVANT GARD
AV-03,AVANT GARDE BEJ 
AV-31,AVANT GARDE BLEU
AV-05,AVANT GARDE GREJ 
AV-07,AVANT GARDE GRIS
AV-21,AVANT GARDE JAUNE
AV-24,AVANT GARDE MARRON 
AV-12,AVANT GARDE ROUGE
AV-16,AVANT GARDE TETE DE NEIGRE
AV-20,AVANT GARDE TOP CLAIR FS
AV-13,AVANT GARDE TOP FONCE 
AV-28,AVANT GARDE VERT
AV-23,AVANT GARDE VISKI
C01,AVATAR
20701,B111570
24401,B111570
25201,B111570
26107,B111570
26109,B111570
48851,B111570
26606,B111570/26106
V902,B11369
V916,B11369
56263-P0205,B12010
26101-P0009,B12234
26103-P0009,B12234
26104-P0009,B12234
26107-P0009,B12234
V04-214889,BALANCE KHAVE
V03-214888,BALANCE KIRMIZI
V01-214886,BALANCE MAVI
V02-214887,BALANCE PEMBE
V06-214891,BALANCE SARI
V05-214890,BALANCE YESIL
MARRON,BAROK
T03904K1-3104,BAROK BEJ-REUIR
T03904K2-3104,BAROK BEJ-UNIT
T03904-1618,BAROK GRIS
T03904K1-1618,BAROK GRIS-REUIR
T03904K2-1618,BAROK GRIS-UNIT
T03904-4710,BAROK MARON-BEJ
T03904K1-4710,BAROK MARR-BEJ REUIR
T03904-6705,BAROK MARRON
T03904K1-6705,BAROK MARRON REUIR
T03904K2-6705,BAROK MARRON-UNIT
T03904-1602,BAROK NOIR
T03904K1-1602,BAROK NOIR-REUIR
T03904K2-1602,BAROK NOIR-UNIT
T03904-1601,BAROK ROUGE
T03904K1-1601,BAROK ROUGE-REUIR
T03904K2-1601,BAROK ROUGE-UNIT
T03904-1611,BAROK VERT
T03904K2-1611,BAROK VERT UNIT
T03904K1-1611,BAROK VERT-REUIR
T03904-3104,BAROK-BEJ
T03904K2-4710,BAROK-MARRON4710
B 3904,BAROUKA
BB-02,BERBERIS BEJ
BB-01,BERBERIS MARRON
13KG,BIDON COLLE
1587-A2,BRONCE BEIGE (256.8)
1587-B07,BRONCE BROWN******
1587-A3,BRONCE DARK BEIGE(75.3)
1587-A20,BRONCE DARK BROWN (158.1)
1587-A57,BRONCE DARK MINK
1587-A34,BRONCE DARK NAVY
1587-A54,BRONCE DARK YELLOW
1587-B18,BRONCE GREY
1587-A55,BRONCE GREY BROWN (205.4)
1587-A9,BRONCE LIGHT GREY=FS
1587-A14,BRONCE WINE
JMTF-1671B-10,BRONCE-10
JMTF-1671B-101,BRONCE-101 FS
JMTF-1671B-103,BRONCE-103
JMTF-1671B-111,BRONCE-111 FS 
JMTF-1671B-112,BRONCE-112 
JMTF-1671B-113,BRONCE-113 
JMTF-1671B-14,BRONCE-14 FS
JMTF-1671B-18,BRONCE-18 FSK
JMTF-1671B-26,BRONCE-26=0 FSK
JMTF-1671B-30,BRONCE-30
JMTF-1671B-32,BRONCE-32
JMTF-1671B-33,BRONCE-33
JMTF-1671B-42,BRONCE-42 FS
JMTF-1671B-5,BRONCE-5=0 fs
JMTF-1671B-6,BRONCE-6 GRASS GREEN
JMTF-1671B-8,BRONCE-8 fs
JMTF-1671B-84,BRONCE-84 FUSHIA FS
F003,BUFFALO 03
F011,BUFFALO 11
F012,BUFFALO 12
F013,BUFFALO 13
F014,BUFFALO 14
F015,BUFFALO 15
F002,BUFFALO 2
F004,BUFFALO 4
F005,BUFFALO 5
F006,BUFFALO 6
F008,BUFFALO 8
F009,BUFFALO 9
SC33-D046W50-0182,C 0182 K.KHAVE
C20-402-0366,CAPRANOVA 469 FOND ROUGE
C20-402-383,CAPRANOVA 470 TETE DE NEIGRE
C20-402601-589,CAPRANOVA 601
C20-400300,CAPRANOVA BEJ
C20-46920,CAPRANOVA BLANC 546-515-286
C20-402-810,CAPRANOVA NOIR 402471-810
C20-4028,CAPRANOVA ROUGE
C20-463,CAPRANOVA WHISKY
11807-13602,CAROT
11807-8951,CAROT
11807-8952,CAROT
11807-8953,CAROT
11807-9202,CAROT
B39-69001-LD-2466,CHARM-LD-2466
B39-69002-LD-2466,CHARM-LD-2466
B39-69003-LD-2466,CHARM-LD-2466
B39-69004-LD-2466,CHARM-LD-2466
B39-69001.LD.2467,CHARM.LD.2467
B39-69002.LD.2467,CHARM.LD.2467
B39-69003.LD.2467,CHARM.LD.2467
B39-69004.LD.2467,CHARM.LD.2467
B39-69001*LD*2465,CHARM*LD*2465
B39-69002*LD*2465,CHARM*LD*2465
B39-69003*LD*2465,CHARM*LD*2465
B39-69004*LD*2465,CHARM*LD*2465
B40*5*1049,COCO 1049*
B40*3*3048,COCO 3048
B40*5*3048,COCO 3048.
B40-3*4048,COCO 4048
B40*5*4048,COCO 4048..
B 3501,COQUILLAGE 
T03501-6203,COQUILLAGE-Marron orange
T03501-1605,Coquillage-noir.gris
T03501K1-6203,Coquillage-reuir.marron
T03501K1-1605,Coquillage-reuir.noir
T03501K1-1606,Coquillage-reuir.rouge
T03501K1-6202,Coquillage-reuir.vert.marron
T03501-1606,Coquillage-rouge.noir
T03501K3-1606,Coquillage-unit.gris
T03501K3-1605,Coquillage-unit.gris1605
T03501K3-6203,Coquillage-unit.marron
T03501-6202,Coquillage.marron.vert=0
B30-100-2300,COSTA 100
B30-100-3901,COSTA 100
B30-100-3903,COSTA 100
B30-100-4002,COSTA 100
B30-100-4100,COSTA 100
B30-100-4102,COSTA 100
B30-100-4104,COSTA 100
B30-100-3201,COSTA 100-8000
B30-100-3301,COSTA 100-9000
B30-100-3302,COSTA 100-9001
B30-100-3303,COSTA 100-9002
B30-200-2300,COSTA 200
B30-200-3901,COSTA 200
B30-200-3903,COSTA 200
B30-200-4002,COSTA 200
B30-200-4100,COSTA 200
B30-200-4102,COSTA 200
B30-200-4104,COSTA 200
B30-200-3201,COSTA 200-8000
B30-200-3301,COSTA 200-9000
B30-200-3302,COSTA 200-9001
B30-200-3303,COSTA 200-9002
B30-300-2300,COSTA 300
B30-300-3901,COSTA 300
B30-300-3903,COSTA 300
B30-300-4002,COSTA 300
B30-300-4100,COSTA 300
B30-300-4102,COSTA 300
B30-300-4104,COSTA 300
B30-300-3201,COSTA 300-8000
B30-300-3301,COSTA 300-9000
B30-300-3302,COSTA 300-9001
B30-300-3303,COSTA 300-9002
D-DZ.329.N°1 K,COULEUR N°1
D-GN.13550.N°12,COULEUR N°12 GRI
D-TF.5028.N°12,COULEUR N°12=0
D-TF.5029.N°12,COULEUR N°12=0
D-GN.10102.N°14,COULEUR N°14
D-TF.5028.N°14,COULEUR N°14
D-TF.5029.N°14,COULEUR N°14
D-GN.3034*N°15,COULEUR N°15
D-GN.10100-N°16,COULEUR N°16
D-GN.3034*N°18,COULEUR N°18
D-GN.10100-N°19,COULEUR N°19
D-DO.83.N°2,COULEUR N°2
D-GN.3018-N°2,COULEUR N°2
D-GN.3020.N°2,COULEUR N°2
D-GN.13550.N°2,COULEUR N°2 A EGRU
D-GN.10102.N°2,COULEUR N°2=0
D-DO.83.N°3,COULEUR N°3
D-GN.10100-N°3,COULEUR N°3
D-GN.3018-N°3,COULEUR N°3
D-TF.5028.N°3,COULEUR N°3
D-TF.5029.N°3,COULEUR N°3
D-DZ.329.N°3,COULEUR N°3 BEJ
D-GN.3020.N°3A,COULEUR N°3A
D-DO.83.N°4,COULEUR N°4
D-GN.3018-N°4,COULEUR N°4
D-GN.3020.N°4,COULEUR N°4
D-GN.3034*N°4,COULEUR N°4
D-DZ.329.N°4,COULEUR N°4 K BEJ
D-DO.83.N°5,COULEUR N°5
D-GN.10102.N°5,COULEUR N°5
D-GN.3018-N°5,COULEUR N°5
D-GN.3020.N°5,COULEUR N°5
D-TF.5028.N°5,COULEUR N°5
D-TF.5029.N°5,COULEUR N°5
D-GN.10100.N°6,COULEUR N°6
D-GN.3018-N°6,COULEUR N°6
D-TF.5028.N°6,COULEUR N°6
D-GN.13550.N°6,COULEUR N°6 CAMEL
D-GN.10100-N°7,COULEUR N°7
D-GN.10102.N°7,COULEUR N°7
D-GN.3034*N°7,COULEUR N°7
D-TF.5028.N°7,COULEUR N°7
D-TF.5029.N°7,COULEUR N°7
D-GN.13550.N°7,COULEUR N°7 SARU
D-GN.3018-N°8,COULEUR N°8
D-GN.3020.N°8,COULEUR N°8
D-TF.5028.N°8,COULEUR N°8
D-TF.5029.N°8,COULEUR N°8
D-DO.85.N°9,COULEUR N°9
C03-02,CROCO BEJ
C03-01,CROCO BLANC CASSE 
C03-49293,CROCO BLANC NORMAL 
C03-03,CROCO NOIR
C03-400805,CROCO NOIR LAMEE
8,CUBIC
C-01,CURSSEUR
D-P2-BL3,DALLAS BLUE 3
D-P1-BL4,DALLAS BLUE 4
D-P1-B4,DALLAS BROWN 4
D-P2-G3,DALLAS GREY 3 
D-P1-G4,DALLAS GREY 4
D-P2-B3,DALLAS P2 BROWN 3
D-P2-R3,DALLAS RED 3
D-P1-R4,DALLAS RED 4
V-102,DG 063-102
V-103,DG 063-103
V-104,DG 063-104
V-105,DG 063-105
V-106,DG 063-106
V-107,DG 063-107
1258V-101,DG 1258-101
1258V-102,DG 1258-102
1258V-103,DG 1258-103
1258V-104,DG 1258-104
1258V-105,DG 1258-105
V-01,DG TUZLAR-1
V-17,DG TUZLAR-17
V-21,DG TUZLAR-21
V-22,DG TUZLAR-22
V-24,DG TUZLAR-24
V-04,DG TUZLAR-4
V-05,DG TUZLAR-5
V-06,DG TUZLAR-6
D-786,DIAMON KEMIK/BLANC
D-787,DIAMON KREM
D-788,DIAMON TOPRAK
D-000,DIANA DIV COULEURS 
4-V04,DIEGO BEIG ZEBRA
2-V04,DIEGO BEIGE FLEURI
2-V08,DIEGO BLEU FLEURI
4-V08,DIEGO BLEU ZEBRA
4-V07,DIEGO BORDEAU FLEURI
2-V07,DIEGO BORDEAU ZEBRA
2-V05,DIEGO GRIS FLEURI
4-V05,DIEGO GRIS ZEBRA
2-V03,DIEGO ROZE FLEURI
4-V03,DIEGO ROZE ZEBRA
8093-4100-02,DMS 8093
8093-4100-03,DMS 8093
8093-4100-04,DMS 8093
8093-4100-05,DMS 8093
8093-4100-08,DMS 8093
8093-4100-09,DMS 8093
8093-4100-11,DMS 8093
8093-4100-12,DMS 8093
8093-4200-01,DMS 8093
8093-4200-02,DMS 8093
8093-4200-04,DMS 8093
8093-4200-05,DMS 8093
8093-4200-06,DMS 8093
8093-4200-08,DMS 8093
8096-4200-02,DMS 8096
8096-4200-03,DMS 8096
8096-4200-04,DMS 8096
8096-4200-05,DMS 8096
8096-4200-06,DMS 8096
8096-4200-07,DMS 8096
8096-4200-08,DMS 8096
8096-4200-09,DMS 8096
8096-4200-11,DMS 8096
8096-4200-12,DMS 8096
C21-475,DOLARO BEJ
C21-588,DOLLARO 269
C21-49710,DOLLARO BLANC
C21-47909,DOLLARO MARRON
C21-810,DOLLARO NOIR
B21-4341-A-385-5526,DONA C-4341A
B21-4341-A-385-5528,DONA C-4341A
B21-4341-A-504-5519,DONA C-4341A
B21-4341-A-504-5520,DONA C-4341A
B21-4341-A-504-5521,DONA C-4341A
B21-4341-A-627-5523,DONA C-4341A
B21-4341-A-704-5524,DONA C-4341A
B21-4341-K-385-5526,DONA C-4341K
B21-4341-K-385-5528,DONA C-4341K
B21-4341-K-504-5519,DONA C-4341K
B21-4341-K-504-5520,DONA C-4341K
B21-4341-K-504-5521,DONA C-4341K
B21-4341-K-627-5523,DONA C-4341K
B21-4341-K-704-5524,DONA C-4341K
B21-4341-Y-385-5526,DONA C-4341Y
B21-4341-Y-385-5528,DONA C-4341Y
B21-4341-Y-504-5519,DONA C-4341Y
B21-4341-Y-504-5520,DONA C-4341Y
B21-4341-Y-504-5521,DONA C-4341Y
B21-4341-Y-627-5523,DONA C-4341Y
B21-4341-Y-704-5524,DONA C-4341Y
BIL432V807-2,DOUBLE RIDEAU BILEL TURK DJ12432.807 AR201022
BIL432V808-2,DOUBLE RIDEAU BILEL TURK DJ12432.808 AR201022
BIL433V805-2,DOUBLE RIDEAU BILEL TURK DJ12433.805 AR201022
BIL433V825-2,DOUBLE RIDEAU BILEL TURK DJ12433.825 AR201022
BIL438V801-1,DOUBLE RIDEAU BILEL TURK DJ12438.801 AR201022
BIL438V802-1,DOUBLE RIDEAU BILEL TURK DJ12438.802 AR201022
BIL438V805-1,DOUBLE RIDEAU BILEL TURK DJ12438.805 AR201022
BIL438V807-1,DOUBLE RIDEAU BILEL TURK DJ12438.807 AR201022
BIL438V808-1,DOUBLE RIDEAU BILEL TURK DJ12438.808 AR201022
BIL287V808-2,DOUBLE RIDEAU BILEL TURK DJ18287.808 AR201022
BIL287V811-2,DOUBLE RIDEAU BILEL TURK DJ18287.811 AR201022
BIL287V812-2,DOUBLE RIDEAU BILEL TURK DJ18287.812 AR201022
BIL288V801-2,DOUBLE RIDEAU BILEL TURK DJ18288.801 AR201022
BIL288V808-2,DOUBLE RIDEAU BILEL TURK DJ18288.808 AR201022
BIL290V801-2,DOUBLE RIDEAU BILEL TURK DJ18290.801 AR201022
BIL290V802-2,DOUBLE RIDEAU BILEL TURK DJ18290.802 AR201022
V1,DR18-190319
V2,DR18-190319
V3,DR18-190319
B32-7615-3701,EGINO 
B32-7615-3702,EGINO 
B32-7615-3703,EGINO 
B32-7615-3704,EGINO 
B32-7615-5201,EGINO 
B32-7615-5202,EGINO 
B32-7615-5251,EGINO 
B32-7615-5252,EGINO 
B32-7615-5253,EGINO 
B32-7615-6352,EGINO 
B32-7616-3701,EGINO KOMBIN
B32-7616-3702,EGINO KOMBIN
B32-7616-3703,EGINO KOMBIN
B32-7616-3704,EGINO KOMBIN
B32-7616-5201,EGINO KOMBIN
B32-7616-5202,EGINO KOMBIN
B32-7616-5251,EGINO KOMBIN
B32-7616-5252,EGINO KOMBIN
B32-7616-5253,EGINO KOMBIN
B32-7616-6352,EGINO KOMBIN
V13,EJ510308
V21,EJ510308
V4,EJ510308
V5,EJ510308
V9,EJ510308
UD1244-14,ELENA
UD1244-3501,ELENA
UD1244-3505,ELENA
UD1244-3507,ELENA
UD1244-4302,ELENA
UD1244-4308,ELENA
UD1244-4321,ELENA
UD1244-4329,ELENA
UD1244-4331,ELENA
H-140087107,ENFANT 240
H-30252934,ENFANT 240
B17-UD1794-15001,ESPRIT
B17-UD1794-15004,ESPRIT
B17-UD1794-15005,ESPRIT
B17-UD1794-15006,ESPRIT
B17-UD1794-15008,ESPRIT
B17-UD1794-15009,ESPRIT
B17-UD1794-501,ESPRIT
B17-UD1794-503,ESPRIT
B17-UD1794-505,ESPRIT
B17-UD1795-15001,ESPRIT
B17-UD1795-15004,ESPRIT
B17-UD1795-15005,ESPRIT
B17-UD1795-15006,ESPRIT
B17-UD1795-15008,ESPRIT
B17-UD1795-15009,ESPRIT
B17-UD1795-501,ESPRIT
B17-UD1795-503,ESPRIT
B17-UD1795-505,ESPRIT
401--,F080-18V
5401--,F080-18V
-1001,F242-18V
-401,F242-18V
-502,F242-18V
-5207,F242-18V
5404,F242-18V
*401,F247-18V
*5207,F247-18V
5304,F247-18V
-5401,F247-18V
V-401,F517-18
V-502,F517-18
V-5207,F517-18
V-5401,F517-18
401*,F524-18V
502*,F524-18V
5207*,F524-18V
5309*,F524-18V
604*,F524-18V
1001,F526-18V
401,F526-18V
502,F526-18V
5207,F526-18V
5401,F526-18V
401**,F590-18V
5207**,F590-18V
5401**,F590-18V
5404**,F590-18V
502-,F608-18V
5207-,F608-18V
5401-,F608-18V
B3622-1509,FER FORGé
B3622-1510,FER FORGé
B3622-1511,FER FORGé
B3622K3-1601,FER FORGé
B3622K3-1605,FER FORGé
B3622K3-1606,FER FORGé
F-01,FERMITURE
ARM-700,FETVA BEJ
ARM-1050,FETVA BLEU
ARM-4651,FETVA BLEU-GRIS
ARM-350,FETVA MARRON
ARM-250,FETVA ORANGE
ARM-4300,FETVA ROZE
ARM-200,FETVA TOP
ARM-4700,FETVA VERT
ARM-4400,FETVA VIOLET
V-2501,FJ620429
V2503,FJ620429
V-2604,FJ620429
V-301,FJ620429
V-3601,FJ620429
N°1,FOREST
N°10,FOREST
N°11,FOREST
N°12,FOREST
N°13,FOREST
N°14,FOREST
N°15,FOREST
N°2,FOREST
N°3,FOREST
N°4,FOREST
N°5,FOREST
N°6,FOREST
N°7,FOREST
N°8,FOREST
N°9,FOREST
F182-2049-B22,FOX
F182-3009-3905,FOX
F182-4008-4009,FOX
F182-4012-9641,FOX
F182-4047-8077,FOX
F182-4548-22423,FOX
F182-7018-9809,FOX
F182-9500-8015,FOX
F182-9500-9521,FOX
F182-9503-9902,FOX
F182-9522-9503,FOX
F182-B57-6054,FOX
F182-K442-7087,FOX
C-31.570,GAZELLA
C-31.573,GAZELLA
C-31.572,GAZELLA .
C-31.574,Gazella (Khave)
C-31.571,GAZELLA-BEJ
B40-3-1049,GIPSY 1049
B40-3-2048,GIPSY 2048
B40-3-3048,GIPSY 3048
V04-215085,GIZELLA KHAVE
V01-215082,GIZELLA MAVI
V02-215083,GIZELLA PEMBE
V03-215084,GIZELLA TURUNCU
G-04-E70,GLANZ 04-E70
G-10-E68,GLANZ 10-E68
G-10-E95,GLANZ 10-E95
G-12-E01,GLANZ 12-E01
G-12-E08,GLANZ 12-E08
G-12-E67,GLANZ 12-E67
G-12-E93,GLANZ 12-E93
G-27-E19,GLANZ 27-E19
G-27-E93,GLANZ 27-E93
G-33-E93,GLANZ 33-E93
G-33-E95,GLANZ 33-E95
G-37-E12,GLANZ 37-E12
G-37-E29,GLANZ 37-E29
G-37-E68,GLANZ 37-E68
G-40-E93,GLANZ 40-E93
G-40-E94,GLANZ 40-E94
G-60-E55,GLANZ 60-E55
G-63-E28,GLANZ 63-E28
G-65-E95,GLANZ 65-E95
G-67-E12,GLANZ 67-E12
G-67-E19,GLANZ 67-E19
G-67-E35,GLANZ 67-E35
G-67-E70,GLANZ 67-E70
G-68-E70,GLANZ 68-E70
G-88-E59,GLANZ 88-E59
B13,GRANDE
B13-54723-2501F,GRANDE
B13-54723-2750F,GRANDE
B13-54723-2751F,GRANDE
B13-54723-7000F,GRANDE
B13-54723-7002F,GRANDE
B13-54723-7003F,GRANDE
B13-54723-2500,GRANDE FR
B13-54723-2501,GRANDE FR
B13-54723-2750,GRANDE FR
B13-54723-2751,GRANDE FR
B13-54723-7000,GRANDE FR
B13-54723-7002,GRANDE FR
B13-54723-7003,GRANDE FR
B13-54723-2500R,GRANDE REUIR
B13-54723-2750R,GRANDE REUIR
B13-54723-7002R,GRANDE REUIR
B13-54723-7003R,GRANDE REUIR
B13-54723-2501R,GRANDE REUIR 
B13-54723-2751R,GRANDE REUIR 
B13-54723-7000R,GRANDE REUIR 
B13-54723-2500F,GRANDI
T004,GULISTIN FLEURIE
B42-0111/,GULIZAR .ZEMIN 4038
B42-0111.,GULIZAR .ZEMIN 8000
B42-0111,GULIZAR .ZEMIN 8003
B42-0100,GULIZAR 8003
B42-0100.,GULIZAR 9001
B42-0100..,GULIZAR 9003
B42-0100/,GULIZAR 9005
H-BEJ,H-764
H-DARK BROWN,H-764
H-N°02,H-764
H-N°03,H-764
H-N°04,H-764
H-N°08,H-764
H-N°09,H-764
H-N°10,H-764
H-N°12,H-764
H-N°17,H-764
H-N°22,H-764
H-N°24,H-764
V04-214876,HENNA KHAVE 
V03-214875,HENNA KIRMIZI
V01-214873,HENNA MAVI
V02-214874,HENNA PEMBE
V05-214877,HENNA TURUNCU
C07-H21D,HOUPS-21D.PINK
HTM4146-A1,HOURS A1
HTM4146-A10,HOURS A10 VERT
HTM4146-A11,HOURS A11 FS
HTM4146-A12,HOURS A12=0 FS
HTM4146-A13,HOURS A13
HTM4146-A14,HOURS A14=0FS
HTM4146-A2,HOURS A2=0FS
HTM4146-A3,HOURS A3
HTM4146-A4,HOURS A4=0 FS
HTM4146-A5,HOURS A5=FS/0
HTM4146-A6,HOURS A6
HTM4146-A7,HOURS A7 FS
HTM4146-A8,HOURS A8=0 FS
HTM4146-A9,HOURS A9
C07-H21,HOURS-21BLUE=0
C07-H07,HOURS-7=0
C07-H10,HOURS-C10=0
C07-H03,HOURS-C3=0
C07-H04,HOURS-C4 FS
C07-H05,HOURS-C5=0
C07-H06,HOURS-C6=0 VERT
18429,I004
18430,I004
18432,I004
F13,I010
F14,I010
6804,I011
6805,I011
6806,I011
7903,I050
7905,I050
7906,I050
C10/01,IMPRIMEE -BEJEL01
C10/02,IMPRIMEE -BEJEL02
C10/03,IMPRIMEE -BEJEL03
C10/04,IMPRIMEE -BEJEL04
C10/05,IMPRIMEE -BEJEL05
C10*01,IMPRIMEE -BISMARK01
C10*02,IMPRIMEE -BISMARK02
C10*03,IMPRIMEE -BISMARK03 BLEU
C10/0408,IMPRIMEE -BOLERO-21130 M
C10/0406,IMPRIMEE -BOLERO-21130 MOV
C10/0403,IMPRIMEE -BOLERO-21130 R
C10-01,IMPRIMEE -KOSA01 MARR/BEJ
C10-02,IMPRIMEE -KOSA02 ROZE/MARR
C10-04,IMPRIMEE -KOSA04 BLEU/VIOLET
C10 -0406,IMPRIMEE -KR-MENEKSE-21150
C10 -0404,IMPRIMEE -KR-MENEKSE-21150 VERT
C10*0401,IMPRIMEE -KR-PAPYA-21160 bleu
C10*04-B,IMPRIMEE -KR-PAPYA-21160 marron/BEJ
C10*0403,IMPRIMEE -KR-PAPYA-21160 MARRON/JAUNE
C10*0404,IMPRIMEE -KR-PAPYA-21160 ROSE/VIOLET
C10*04-A,IMPRIMEE -KR-PAPYA-21160 VERT
C10*0402,IMPRIMEE -KR-PAPYA-BEJ
C10_01,IMPRIMEE -TRIL01
C10_02,IMPRIMEE -TRIL02
C10_03,IMPRIMEE -TRIL03
C10*1,IMPRIMEE AMY 1
C10*2,IMPRIMEE AMY 2
C10*3,IMPRIMEE AMY 3
C10*4,IMPRIMEE AMY 4
C10*5,IMPRIMEE AMY 5
C10-0401,Imprimée carré bleu ciel 
C10-0405,Imprimée carré jaune
C10-04-A,Imprimée carré petrol
C10-0407,Imprimée carré rouge
C10/3,IMPRIMEE DAISY 3
C10/4,IMPRIMEE DAISY 4
C10/5,IMPRIMEE DAISY 5
C10-1,IMPRIMEE STRIPE 1
C10-2,IMPRIMEE STRIPE 2
C10-3,IMPRIMEE STRIPE 3
C10-4,IMPRIMEE STRIPE 4
C10-5,IMPRIMEE STRIPE 5
C10.2.,IMPRIMEE TOAN PORSHE BROWN 2
C10.2,IMPRIMEE TOAN PORSHE GREEN 2
C29-403564,IMZA ANTIK BLANC
C29-403565,IMZA ANTIK CREAM
C29-403566,IMZA ANTIK TOP
C29-403567,IMZA ANTIK TOP FONCE
B40-6-1048,INDIGO 1048
B40-6-3048,INDIGO 3048
B40-6-5048,INDIGO 5048
B40-6-6048,INDIGO 6048
6507,jAGUAR
6508,jAGUAR
6509,JAGUAR
6515,JAGUAR
6518,JAGUAR
GRIY,JAGUAR
MOTARD,JAGUAR
6505,JAGUAR 
6511,JAGUAR **** FS
JA-7,JAGUAR A10
JA-8,JAGUAR A11
JA-9,JAGUAR A13
JA-10,JAGUAR A19 FS
JA-18,JAGUAR A20
JA-11,JAGUAR A21 FS
JA-12,JAGUAR A23 FS
JA-13,JAGUAR A24 FS
JA-14,JAGUAR A25
JA-15,JAGUAR A27
JA-16,JAGUAR A28 FS
JA-17,JAGUAR A29 FS
JA-1,JAGUAR A4
JA-2,JAGUAR A5 FS
JA-3,JAGUAR A6
JA-4,JAGUAR A7 FS
JA-5,JAGUAR A8FS
JA-6,JAGUAR A9.....FS
6503,JAGUAR FS
6504,JAGUAR FS
6506,JAGUAR FS
6516,JAGUAR FS
6528,JAGUAR FS
07LA,JAGUAR-07
10LA,JAGUAR-10
16LA,JAGUAR-16 FS
29LA,JAGUAR-29
F220_18V-401,JAKAR FINBER FJ612220V-401 AR 200911
F220_18V-530,JAKAR FINBER FJ612220V-5305 AR 200911
1,JERY
10,JERY
12,JERY
14,JERY
16,JERY
13,JERY 
15,JERY 
2,JERY FS
3,JERY FS
4,JERY FS
11,JERY FS
KL.V-13,KICKER LAM V-13
KL.V-14,KICKER LAM V-14
KL.V-22,KICKER LAM V-22
KL.V-25,KICKER LAM V-25
KL.V-26,KICKER LAM V-26
KL.V-47,KICKER LAM V-47
KL.V-49,KICKER LAM V-49
KL.V-51,KICKER LAM V-51 
KL.V-52,KICKER LAM V-52 
KL.V-59,KICKER LAM V-59
KL.V-66,KICKER LAM V-66
KL.V-70,KICKER LAM V-70
KL.V-78,KICKER LAM V-78
KL.V-82,KICKER LAM V-82
KL.V-86,KICKER LAM V-86
KL.V-93,KICKER LAM V-93 FS
KL.V-95,KICKER LAM V-95
KL.V-97,KICKER LAM V-97
K-04,KLASS BEJ
307,KLASS BLEU
K-17,KLASS BLEU CIEL
K-18,KLASS BLEU GRIS
K-16,KLASS BLEU VERT********
K-03,KLASS CAMEL=0
K-21,KLASS GRIS CHARBON
K-06,KLASS JAUNE
K-22,KLASS ORANGE
K-23,KLASS ROUGE BORDEAU
K-19,KLASS TOP
K-26,KLASS VERT
K-27,KLASS VIO-ROSE
K-20,KLASS VIOLET
B29-1*F,KLODYA
B29-1*R,KLODYA
B29-9*F,KLODYA BEIGE
B29-4*F,KLODYA BLEUE NOIR
B29-8*F,KLODYA MARRON / TURK
B29-8*R*,KLODYA MARRON / TURK *R*
B29-3*F,KLODYA NOIR
B29-5*F,KLODYA OBERGINE
B29-7*F,KLODYA OBERGINE
B29-3*R,KLODYA R
B29-9*R,KLODYA R
B29-2.F,KLODYA ROZE
B29-2/R,KLODYA ROZE R.
B29-6F,KLODYA VIOLET 
B29-5*R,KLODYA-R-
C04-N°1,KOALA N°1
C04-N°2,KOALA N°2
C04-N°3,KOALA N°3
C04-N°4,KOALA N°4
C04-N°5,KOALA N°5
C04-N°6,KOALA N°6
C04-N°7,KOALA N°7
C04-N°8,KOALA N°8
C04-N°9,KOALA N°9
C04-B14,KOALA-ORANGE
C01-B19,KOALA-PURPLE-MOVE
C04-B13,KOALA-YELLOW-JAUNE
V02,KRAFT 02=0
V03,KRAFT 03=0
V04,KRAFT 04=0
V05,KRAFT 05=0
V06,KRAFT 06=0
V07,KRAFT 07=0
V19,KRAFT 19=0
V23,KRAFT 23 rouge=0
BEJ 65772,LA VIVA
BEJ FLEURIS 2024,LA VIVA
BLANC,LA VIVA
CIEL 2045,LA VIVA
ETOILE CIEL ,LA VIVA
ETOILE ROSE 15693,LA VIVA
GRIS 2025,LA VIVA
JAUNE 2038,LA VIVA
MOTIF 3558,LA VIVA
MOTIF BEJ 1954,LA VIVA
MOTIF GRIS 24831,LA VIVA
MOTIF GRIS ROSE 9615,LA VIVA
MOTIF MOTARDE,LA VIVA
MOTIF P.P BEJ 1009,LA VIVA
MOTIF ROSE 96150,LA VIVA
MOTIF VERT 106009,LA VIVA
ROSE,LA VIVA
ROSE CLAIRE,LA VIVA
ROUGE BORDEAUX 2050,LA VIVA
ROUGE BRIQUE 118,LA VIVA
TIRQUOIZE 7157,LA VIVA
VIO-ROSE 2032,LA VIVA
ZIGZAG 7157,LA VIVA
B9-SP16-401-F-,MAHDIA ECRI-F-401-3-
B9-SP16-89-2-B-,MAHDIA GRIS-B-
B9-SP16-89-2-F-,MAHDIA GRIS-F-
B9-SP16-89-2-R-,MAHDIA GRIS-R-
B9-SP14-254-B-,MAHDIA HARDAL-B-
B9-SP14-254-F-,MAHDIA HARDAL-F-
B9-SP14-254-R-,MAHDIA HARDAL-R-
B9-SP16-401-3,MAHDIA HARDAL-R-
B9-SP02-147-B-,MAHDIA KHAVE-B-
B9-SP02-147-F-,MAHDIA KHAVE-F-
B9-SP02-147-R-,MAHDIA KHAVE-R-
B9-SP06-149-B-,MAHDIAKHAVE/NOIR-B-
B9-SP06-149-F-,MAHDIAKHAVE/NOIR-F-
B9-SP06-149-R-,MAHDIAKHAVE/NOIR-R-
C26-401763,MARINA BAKIR-370
C26-401761,MARINA BEJ /477
C26-401762,MARINA BRONZE 306
C26-305,MARINA doré
C26-401773,MARINA GRIS
C26-402764,MARINA MARRON 392
C26-401765,MARINA NOIR 810
B35-2560,MARMARA 
B35-2561,MARMARA 
B35-2563,MARMARA 
B35-2565,MARMARA 
B35-2567,MARMARA 
B35-2578,MARMARA 
B35-2580,MARMARA 
B35-2581,MARMARA 
B35-2605,MARMARA 
B35-2606,MARMARA 
B35-2608,MARMARA 
JMTF-1671M-10,MASERATTI-10
JMTF-1671M-101,MASERATTI-101 (FS)
JMTF-1671M-103,MASERATTI-103 FS
JMTF-1671M-111,MASERATTI-111 FS
JMTF-1671M-112,MASERATTI-112
JMTF-1671M-113,MASERATTI-113
JMTF-1671M-14,MASERATTI-14
JMTF-1671M-18,MASERATTI-18 FS
JMTF-1671M-26,MASERATTI-26 
JMTF-1671M-30,MASERATTI-30
JMTF-1671M-32,MASERATTI-32
JMTF-1671M-33,MASERATTI-33
JMTF-1671M-42,MASERATTI-42 FS
JMTF-1671M-5,MASERATTI-5 FS
JMTF-1671M-6,MASERATTI-6
JMTF-1671M-8,MASERATTI-8
JMTF-1671M-84,MASERATTI-84
"B41-0112,",MATHA ????
B41-0112,MATHA ?????
B41-0112*,MATHA ??????
B41-0083,MATHA 8002
B41-0083-,MATHA 8003
B41-0083..,MATHA 9001=0
B41-0083/,MATHA 9002
B41-0083*,MATHA 9003
B41-0112.,MATHA ZEMIN 8000
B41-0112..,MATHA ZEMIN 9000 
599,MAXIM
C22-605,MAXIM BEIGE
606,MAXIM BEJ
607,MAXIM BLANC
C22-601,MAXIM BRONZE
604,MAXIM GREJ
C22-597,MAXIM NOIR
603,MAXIM TOP FONCE
C22-602,MAXIM WHISKY
MAX,MAXIM-BAROQUE
MAXIM,MAXIM-UNI
JMTF1587-A2,MAZERATTI BEIGE
JMTF1587-B07,MAZERATTI BROWN
JMTF1587-A3,MAZERATTI DARK BEIGE /FS
JMTF1587-A20,MAZERATTI DARK BROWN 
JMTF1587-A57,MAZERATTI DARK MINK=0
JMTF1587-A34,MAZERATTI DARK NAVY
JMTF1587-B18,MAZERATTI GREY
JMTF1587-A55,MAZERATTI GREY BROWN
C15-403134,MCL HAYAL BEYAZ
C15-403137,MCL HAYAL BEYAZ
C15-403138,MCL HAYAL BEYAZ
DNM19317,MERLIN CAMEL
DNM19314,MERLIN CREM
DNM19316,MERLIN TAUPE
MK-02,MERVE 02
MK-03,MERVE 03
MK-04,MERVE 04
MK-05,MERVE 05
MK-07,MERVE 07
M-01,MINA 01
M-02,MINA 02
M-03,MINA 03
M-04,MINA 04
M-05,MINA 05
M-06,MINA 06
M-07,MINA 07
M-09,MINA 09
180-V-102,MINIMAL
180-V-103,MINIMAL
180-V-1404,MINIMAL
180-V-404,MINIMAL
246-V-102,MINIMAL
246-V-103,MINIMAL
246-V-1404,MINIMAL
246-V-404,MINIMAL
268-V-102,MINIMAL
268-V-103,MINIMAL
268-V-1404,MINIMAL
268-V-404,MINIMAL
C22-267,MOKSI BEJ(600)
C22-265,MOKSI BLANC
C22-722,MOKSI BRONZE
C22-223,MOKSI MARRON
C22-224,MOKSI NOIR
MP-3927,MOKSI PLUS BEIGE
MP-3929,MOKSI PLUS KAHVE
1419,MOKSI PLUS MARRON
MP-3918,MOKSI PLUS SIYAH (NOIR)
C22-766,MOKSI ROUGE 374
C22-719,MOKSI SDF BEIG /FINI
C22-718,MOKSI SDF COOPER
C22-717,MOKSI SDF MARRON
C22-720,MOKSI SDF SILVER
C22-723,MOKSI SDF STONE674 / 405273
C22-585,MOKSI SOIL(681)
C22-588,MOKSI TOPRACK
C22-230,MOKSI WHISKY 656
MP-3915,MOKSIE PLUS BEYAZ
MP-1417,MOKSIE PLUS KHAVE
MP-1415,MOKSIE PLUS KREM
210-81056-89500,MONO 03
210-81182-82600,MONO 03
210-81207-87069,MONO 03
210-84548-822423,MONO 03
210-89504-82010,MONO 03
B3905K1-4710,NAKHLA BEJ
B3905-4710,NAKHLA BEJ FLEURIE
B3905-4710K2,NAKHLA BEJ-UNIS
B3905-1617,NAKHLA GRIS
B3905K1-1617,NAKHLA GRIS
B3905-1617K2,NAKHLA GRIS-UNIS
B3905-6705K2,NAKHLA MARRON-UNIS
B3905-1602,NAKHLA NOIR
B3905-K2-1602,NAKHLA NOIR
B3905-K1-1602,NAKHLA NOIR REUIR
B3905-1601,NAKHLA ROUGE
B3905-1601K1,NAKHLA ROUGE-REUIR
B3905-1601K2,NAKHLA ROUGE-UNIS
B28-28,NARJES
B28-F13,NARJES
B28-F22,NARJES
B28-U06,NARJES
B28-U21,NARJES
B28-U24,NARJES
B28-03,Narjes 
B28-04,Narjes BEJ
B28-07,NARJES BEJ
B28-U07,NARJES BEJ UNIS
B28-25,NARJES F
B28-R19,NARJES F19
B28-01,Narjes gris
B28-02,Narjes maron-turk
B28-R02,Narjes maron-turk-REUIR
B28-U03,NARJES MARRON UNIS
B28-R23,NARJES NOIR REUIR
B28-05,Narjes noir-gris
B28-R14,NARJES ROUGE REUIR
B28-U15,NARJES ROUGE UNIT
B28-06,Narjes roze
B28-R26,NARJES ROZE REUIR
B28-U27,NARJES UNI
B28-U30,NARJES UNI VIOLET
B28-U01,NARJES UNIT-GRIS
B28-R29,NARJES VIOLET REUIR
B28-N°20,NARJESREUIR-GRIS
B28-28F,NERMINE
B28-5,NERMINE
B28-7,NERMINE
B28-R1,NERMINE
B28-R5,NERMINE
B28-U7,NERMINE
B28-4,NERMINE BEJ
B28-F25,NERMINE F
B28-19F,NERMINE GRIS
B28-1,NERMINE MARRON-TURKUAZ F
B28-23,NERMINE NOIR REUIR
B28-22,NERMINE NOIR-GRIS
B28-13,NERMINE ROUGE
B28-14,NERMINE ROUGE-REUIR
B28-U4,NERMINE UNI BEJ
B28-3,NERMINE UNIT-MARRON
B31-7538-2751,NESTOR
B31-7538-3701,NESTOR
B31-7538-3702,NESTOR
B31-7538-3703,NESTOR
B31-7538-3704,NESTOR
B31-7538-3851,NESTOR
B31-7538-3852,NESTOR
B31-7538-5251,NESTOR
B31-7538-5252,NESTOR
B31-7538-5253,NESTOR
B31-7538-6351,NESTOR
B31-7538-6352,NESTOR
NP-831,NIL PLAIN
NOMA-310-02,NOMA BEJ
KOMBIN-310-02,NOMA KOMBIN BEJ
KOMBIN-900-01,NOMA KOMBIN KREAM
KOMBIN-370-01,NOMA KOMBIN MARRON
KOMBIN-360-01,NOMA KOMBIN TURKUAZ
KOMBIN-122-01,NOMA KOMBIN VERT
NOMA-900-01,NOMA KREAM
NOMA-370-01,NOMA MARRON
NOMA-360-01,NOMA TURKUAZ
NOMA-122-01,NOMA VERT
ZEMIN-310-02,NOMA ZEMIN BEJ
ZEMIN-900-01,NOMA ZEMIN KREAM
ZEMIN-370-01,NOMA ZEMIN MARRON
ZEMIN-360-01,NOMA ZEMIN TURKUAZ
ZEMIN-122-01,NOMA ZEMIN VERT
B29-3,NOUR
B29-7,NOUR
B29-9*,NOUR BEIGE
B29-1,NOUR FLEURI ROSE
B29-8,NOUR MARRON CIEL
B29-6,NOUR MOVE
B29-4,NOUR NOIR BLEUE
B29-02,NOUR NOIR ROSE
B29-5,NOUR OBERGIN
B29-A09,NOUR REUIR BEIGE
B29-A4,NOUR REUIR BLEUE NOIR
B29-A8,NOUR REUIR MARRON CIEL
B29-A6,NOUR REUIR MOVE
B29-A3,NOUR REUIR NOIR
B29-A2,NOUR REUIR NOIR ROSE
B29-A7,NOUR REUIR OBERGINE
B29-A1,NOUR REUIR ROZE
B29-A05,NOUR REUIR ROZE FONCE
B11-KIRMIZI,NOVA 163
B11-213,Nova 213 (vert)
B11-04 ,NOVA BEJ 
B11-192,NOVA GRI
B11-08,NOVA KAHVE
B11-161,NOVA KOYU
B11-76,NOVA KUM BEJ 
B11-402476-810,NOVA NOIR
B11-301,NOVA ORANGE 
B11-06,NOVA TOPRACK 
B11-565,NOVA TOPRAK.KC
B40-3-1048,OSCAR 1048
B40-3-3048.,OSCAR 3048
B40-3-5048*,OSCAR 5048
GKO-820,OSK-TL
OKR-612,OSK-TL
BEJ,OSK-TL10
GRIS,OSK-TL10
TOP,OSK-TL10
26730-802,OSK-TL20
26730-803,OSK-TL20
379,OYA
310-04 ZEMIN,OYKU
310-04,OYKU PANO
310-06,OYKU PANO
C09-A08,PANDA BROWN 
C09-A01,PANDA CAMEL
C09-A03,PANDA GREJE
C09-A02,PANDA GRIS
C09-A04,PANDA MINK
B04-1189,PEAU DE VACHE
B04-1561,PEAU DE VACHE
B04-1671,PEAU DE VACHE
B04-229,PEAU DE VACHE
B04-260,PEAU DE VACHE
B04-263,PEAU DE VACHE
B04-778,PEAU DE VACHE
B04-946,PEAU DE VACHE
B04-989,PEAU DE VACHE
B04-235,PEAU DE VACHE (bronze)
C32-070,PERLINA bej clair
C32-030,PERLINA bej foncé
C32-710,PERLINA gris 
C32-302,PERLINA marron clair
C32-320,PERLINA marron foncé
C32-280,PERLINA rouge
C32-060,PERLINA top
C32-405,PERLINA vert pustache
117-3014,PIEN NEW-3014
117-4020,PIEN NEW-4020
117-6037,PIEN NEW-6037
128-7141,PIEN NEW-7141
117-9809,PIEN NEW-9809
01-V01,PLATIN BUGLEM
01-V02,PLATIN BUGLEM
01-V03,PLATIN BUGLEM
01-V05,PLATIN BUGLEM
PC-01-V01,PLATIN CESY-V01
PC-01-V02,PLATIN CESY-V02
PC-01-V03,PLATIN CESY-V03
PC-01-V04,PLATIN CESY-V04
PP-01-V01,PLATIN PIRIL-V01
PP-01-V02,PLATIN PIRIL-V02
PP-01-V03,PLATIN PIRIL-V03
PP-01-V04,PLATIN PIRIL-V04
PP-01-V05,PLATIN PIRIL-V05
PS-01-V01,PLATIN SISI-V01
PS-01-V02,PLATIN SISI-V02
PS-01-V03,PLATIN SISI-V03
PS-01-V04,PLATIN SISI-V04
PS-01-V05,PLATIN SISI-V05
390-400674,PLISE BEJ
C16-47768,PLISE BLANC 
C16-400660,PLISE MARON
390-400660,PLISE MARRON
390-400662,PLISE MARRON LAME
810-400661,PLISE NOIR
A01,POLISTAIRE FLEURI
A02,POLISTAIRE REUIR
A03,POLISTAIRE UNIT
C06-PM-02,PORSCHE MELON 02
C06-PM-03,PORSCHE MELON 03 FS
C06-PM-04,PORSCHE MELON 04
C06-PM-05,PORSCHE MELON 05
C06-PM-07,PORSCHE MELON 07
C06-PM-08,PORSCHE MELON 08
C06-PM-1005,PORSCHE MELON 1005 FS
C06-PM-1013,PORSCHE MELON 1013=0 FSK
C06-PM-12,PORSCHE MELON 12 NOIR
C06-PM-14,PORSCHE MELON 14 ROUGE=0 FS
C06-PM-18,PORSCHE MELON 18 FS
C06-PM-19,PORSCHE MELON 19
C06-PM-20,PORSCHE MELON 20
C06-PM-22,PORSCHE MELON 22=0 FSK
C06-PM-23,PORSCHE MELON 23=0 FSK
C06-PM-24,PORSCHE MELON 24
C06-PM-25,PORSCHE MELON 25
C06-PM-26,PORSCHE MELON 26
C06-PM-29,PORSCHE MELON 29
C06-PM-06,PORSCHE MELON-06
C06-P01,PORSCHE-05-GREJE FS
C06-P10,PORSCHE-10 FS
C06-P21,PORSCHE-21BLUE =0 FSK
C06-P04,PORSCHE-4
C06-P06,PORSCHE-6
C06-P07,PORSCHE-7=0
BD-1553-1,PRENSES V01
BD-1553-2,PRENSES V02
BD-1553-3,PRENSES V03
AE-442-V2,PRENSES V2
AE-442-V3,PRENSES V3
AE-442-V5,PRENSES V5
AE-442-V6,PRENSES V6
AE-442-V7,PRENSES V7
AE-442-V8,PRENSES V8
NZ-1014-G01,PRENSES-G01
NZ-1014-G02,PRENSES-G02
NZ-1014-G03,PRENSES-G03
NZ-1014-G04,PRENSES-G04
NZ-1014-G05,PRENSES-G05
NZ-1014-G11,PRENSES-G11
NZ-1014-G13,PRENSES-G13
NZ-1014-G17,PRENSES-G17
NZ-1014-G18,PRENSES-G18
PT352B-1,PT01
PT352B-2,PT02
PT352B-3,PT03
PT352B-4,PT04
PT352B-5,PT05
C11-400955,PUNTO BLANC LAMEE
C11-400107,PUNTO MARON
C11-47714,PUNTO MARRON LAMEE
130,PY THOR
259-V-105,RACE
259-V-1301,RACE
259-V-404,RACE
408-V-108,RACE
408-V-1304,RACE
408-V-403,RACE
509-V-108,RACE
509-V-1301,RACE
509-V-403,RACE
668-V-106,RACE
668-V-109,RACE
668-V-1401,RACE
668-V-401,RACE
690-V-1002,RACE
690-V-102,RACE
690-V-109,RACE
690-V-1401,RACE
690-V-306,RACE
690-V-401,RACE
716-V-111,RACE
716-V-1302,RACE
716-V-405,RACE
80-V-1302,RACE
846-V-106,RACE
846-V-109,RACE
846-V-1401,RACE
846-V-401,RACE
876-V-102,RACE
876-V-109,RACE
876-V-110,RACE
876-V-1301,RACE
876-V-604,RACE
115885 V-3,RAFORCE ENFANT
126689 GRIS ROSE,RAFORCE ENFANT
45004 BEJ,RAFORCE ENFANT
45007 BEJ,RAFORCE ENFANT
45362 BEJ,RAFORCE ENFANT
65757 FLEURIS,RAFORCE ENFANT
65774 V-1,RAFORCE ENFANT
66614 GRIS ,RAFORCE ENFANT
86775 V-1,RAFORCE ENFANT
86776 V-1,RAFORCE ENFANT
95924 V-1,RAFORCE ENFANT
802*,RB1055
804,RB1055
805,RB1055
801,RB1056
803,RB1056
804*,RB1056
62109037-N°3,RIDEAUX 62109037
62109037-N°5,RIDEAUX 62109037
62109037-N°7,RIDEAUX 62109037
D#1,RIDEAUX D#1
D#2,RIDEAUX D#1
D#3,RIDEAUX D#1
D#4,RIDEAUX D#1
D#5,RIDEAUX D#1
C#1,RIDEAUX D#3
C#2,RIDEAUX D#3
C#3,RIDEAUX D#3
C#4,RIDEAUX D#3
C#5,RIDEAUX D#3
M#1,RIDEAUX M#
M#2,RIDEAUX M#
M#3,RIDEAUX M#
M#4,RIDEAUX M#
M#5,RIDEAUX M#
M#6,RIDEAUX M#
MZ-02,RIDEAUX MEZYENA
MZ-02*,RIDEAUX MEZYENA
716-V102-TOP,RIDEAUX RACE
716-V109-GRETCH,RIDEAUX RACE
716-V401-BEJ,RIDEAUX RACE
716-V5202-J.MOTARD,RIDEAUX RACE
716-V5207-BEJ CLAIRE,RIDEAUX RACE
716-V5208-CAMEL,RIDEAUX RACE
716-V5402-G.CAMEL,RIDEAUX RACE
716-V5404-GRIS,RIDEAUX RACE
612,RO7024
619,RO7045
620,RO7045
B38-15001-LD1779,ROLLO-LD-1779
B38-15002-LD-1779,ROLLO-LD-1779
B38-15003-LD-1779,ROLLO-LD-1779
B38-501-LD.1779,ROLLO-LD-1779
B38-502-LD-1779,ROLLO-LD-1779
B38-15001.LD.1780,ROLLO-LD.1780
B38-15002.LD.1780,ROLLO-LD.1780
B38-501-LD-1780,ROLLO-LD.1780
B38-502.LD.1780,ROLLO-LD.1780
B38-15003.LD.1780,ROLLO.LD.1780
B34-01-02-A9,ROYEM 
B34-01-03-A9,ROYEM 
B34-11-01-A9,ROYEM 
B34-17-02-A9,ROYEM 
B34-17-04-A9,ROYEM 
B34-17-05-A9,ROYEM 
B34-38-01-A9,ROYEM 
B34-38-03-A9,ROYEM 
C01-403153,ROZA ANTIK BEIGE CLAIRE FS
C01-236,ROZA ANTIK BEIJ
C01-403568,ROZA ANTIK BLANC FS
C01-403161,ROZA ANTIK MARRON 
C01-403164,ROZA ANTIK MARRON (TETE DE NEIGRE)----
C01-402674,ROZA ANTIK MARRON FONCE 
C01-403192,ROZA ANTIK ROUGE******/0
C01-235,ROZA ANTIK TOP
C01-403157,ROZA ANTIK TOP
C01-403160,ROZA ANTIK top foncee FS
C01-403159,ROZA ANTIK WISKY FS
C01-403155,ROZA BEIGE
C01-403193,ROZA NOIR 
C30-403218,RUBENBERG ANTIK CAMEL
C30-403191,RUBENBERG ANTIK FINDIK
C30-403189,RUBENBERG ANTIK HAKI
C30-403188,RUBENBERG ANTIK NOIR
C30-403186,RUBENBERG ANTIK SHAHVE
C30-403190,RUBENBERG ANTIK TOPRAK
C30-403185,RUBENBERG ANTIK VIZON
C30-404009,RUBENBERG BEJ
B27-UD2398-102,SAFRAN K.102
B27-UD2398-1208,SAFRAN K.1208
B27-UD2398-1216,SAFRAN K.1216
B27-UD2398-15004,SAFRAN K.15004
B27-UD2398-15005,SAFRAN K.15005
B27-UD2398-307,SAFRAN K.307
B27-UD2398-501,SAFRAN K.501
B27-UD2398-502,SAFRAN K.502
B27-UD2398-517,SAFRAN K.517
B27-UD2398-522,SAFRAN K.522
B27-UD2398-807,SAFRAN K.807
B27-UD2398-15007,SAFRAN K.KHVE
B27-UD2398-1205,SAFRAN KAREM 
B27-UD2398-1212,SAFRAN PORTAKAL
B27-UD2398-512,SAFRAN SIYAH
B27-UD2398-509,SAFRAN TURKUAZ
B27-UD2398-504,SAFRAN TURNCU
B27-UD2398-508,SAFRAN TUTUM SARISSI
B27-UD2398-15009,SAFRAN VENGE 
B27-UD2398-505,SAFRAN VISNE
C13-401775,SAMUR BEJ 693
C13-401046,SAMUR BLANC/515
C13-401774,SAMUR BRONZE 370 bakir
C13-401776,SAMUR GRIS 735
C13-401190,SAMUR marron 390
C13-401810,SAMUR NOIR
B36-141060-10101-2-,SARK
B36-141060-10102,SARK
B36-141060-10103,SARK
B36-141060-10104,SARK
B36-141060-10105,SARK
B36-141060-10107,SARK
B36-141060-10108,SARK
B36-141060-10109,SARK
B36-141060-101090,SARK
B36-141060-10110,SARK
B36-141060-10111,SARK
B36-141060-10112,SARK
B36-141060-10113,SARK
B36-141060-10106,SARK FS
B36-180040-10101,SARK2
B36-180040-10102,SARK2
B36-180040-10103,SARK2
B36-180040-10104,SARK2
B36-180040-10105,SARK2
B36-180040-10106,SARK2
B36-180040-10107,SARK2
B36-180040-10108,SARK2
B36-180040-10109,SARK2
B36-180040-10110,SARK2
B36-180040-10111,SARK2
B36-180040-10112,SARK2
B36-180040-10113,SARK2
B36-141060-10101,SARKN-1-
B43-3201,SATEN ZEMIN 3201
B43-3302,SATEN ZEMIN 3302
SC33-D046W50-0001,SC 915 SIYAH(noir)
SC32-03,SC-BEIGE(CAMEL)
SC32-04,SC-BLANC SALE(IVORY)
SC32-02,SC-MARRON (brown)
SC32-01,SC-NOIR
SC32-05,SC-POMME DE TERRE(PEAT)
SC32-06,SC-TAUPE
SH-2304,SEHZADE
SH-4100,SEHZADE
SH-7000,SEHZADE
SH-7002,SEHZADE
SH-7003,SEHZADE
SH-7004,SEHZADE
SH-8000,SEHZADE
SH-8002,SEHZADE
S-11,SEMCE 11 FS
S-119,SEMCE 119
S-12,SEMCE 12
S-120,SEMCE 120
S-13,SEMCE 13
S-14,SEMCE 14
S-15,SEMCE 15
S-16,SEMCE 16 FS
S-17,SEMCE 17
S-18,SEMCE 18
S-2,SEMCE 2
S-3,SEMCE 3
S-4,SEMCE 4 FS
S-5,SEMCE 5
S-6,SEMCE 6
S-9,SEMCE 9
S-S 16,SEMCE S-16
S-S17,SEMCE S-17
S-B11,SEMCE S-B11
S-S53,SEMCE S53
B12-45,SEUL Antarist 
B12-12,SEUL BEJ
B12-YC163,SEUL BEJ
B12-47,SEUL CAMUR
B12-13 DEVE,SEUL DEVE
B12-13,SEUL DEVE TUYU
B12-YC180,SEUL F.YESILI
B12-YC216,SEUL F.YESILI
B12-16,SEUL FUME
B12-YC153,SEUL FUSYA
B12-YC46,SEUL GRI
B12-27,SEUL GUL
B12-14,SEUL GUL KURUSU
B12-07,SEUL HARDAL
B12-YC218,SEUL HARDAL
B12-YC108,SEUL KAHVE
B12-YC110S,SEUL KAHVE
B12-46,SEUL KAPUCINO
B12-350,SEUL KEHRIBAR
B12-21,SEUL KIRMIZI FSK
B12-19,SEUL KIZIL KAHVE
B12-YC149,SEUL KOYU KREM
B12-11,SEUL KREAM
B12-2717,SEUL MOR
B12-YC197,SEUL MURDUM FSK
B12-YC76,SEUL NARCICEGI
B12-169,SEUL RIKON 
B12-05,SEUL SIYAH
B12-YC17,SEUL TURKYAZ
B12-34,SEUL vizon
B12-YC168,SEUL VIZON
SP-17668,SOFA PLAIN
SP-5057,SOFA PLAIN 5057 BAROK BEJ
SP-4137,SOFA PLAIN BAL KOPUGO
SP-4604,SOFA PLAIN GRI
SP-2174,SOFA PLAIN KESTANA
SP-2901,SOFA PLAIN KIRMIZI
SP-2277,SOFA PLAIN KOYU BEJ
SP-2898,SOFA PLAIN LACI
SP-2366,SOFA PLAIN MOR
SP-2177,SOFA PLAIN VIZION
SP-2171,SOFA PLAINHARDAL 
C28-117,SOMA BEIGE
C28-115,SOMA BROWN
C28-122,SOMA COOPER
C28-113,SOMA NUT BROWN
C28-125,SOMA SILVER
C2,SPET BEIGE
C02-49266,SPET BLANC
SP-03,SPET MARRON
SP-01,SPET NOIR
C10-S1,STRIP-1-ROZE VERT
C10-S2,STRIP-2-JAUNE
C10-S3,STRIP-3-MARRON/BEJ
C10-S4,STRIP-4-VIOLET/SOMO
C10-S5,STRIP-5-BLEU CIEL
B43-0108,TAVUS 3201(8001)
B43-0108.,TAVUS 3202(8005)
B43-0108-,TAVUS 3301(9005)
B43-0108*,TAVUS 3302(9010)
B43-108..,TAVUS ZEMIN 8000
B43-108.,TAVUS ZEMIN 9000
B25-SP14-401,TAYRON 
B25-SP16-401-3,TAYRON ECRU
B25-SP14-254,TAYRON HARDAL
B25-SP02-147,TAYRON MARRON FONCE
B25-SP14-394,TAYRON MAVI
C07-04,TAYTYOU BEIGE N°1
C07-03,TAYTYOU bej clair N°2
C07-11,TAYTYOU BLEU
C07-02,TAYTYOU GRIS N°4
C07-06,TAYTYOU MARON CLAIR N°5
C07-09,TAYTYOU MARON N°6
C07-07,TAYTYOU MOV 
C07-05,TAYTYOU NOIR 
C07-08,TAYTYOU ROSE
C07-13,TAYTYOU ROSE CLAIR N°7
C07-12,TAYTYOU ROUGE
C07-01,TAYTYOU TOP N°3
C07-10,TAYTYOU VERT PISTACHE
01_02,TESPA A09
01_05,TESPA A09
01_06,TESPA A09
01_07,TESPA A09
09_02,TESPA A09
128-01,TESPA A09
37-01,TESPA A09
37-02,TESPA A09
38-01,TESPA A09
B15-1189,TIGRE AVEC MOTIF
B15-1561,TIGRE AVEC MOTIF
B15-1997,TIGRE AVEC MOTIF
B15-2040,TIGRE AVEC MOTIF
B15-260,TIGRE AVEC MOTIF
B15-263,TIGRE AVEC MOTIF
B15-229,TIGRE AVEC MOTIF/FS
B15-946,TIGRE AVEC MOTIF/FS
1,TISSU D'AMMEUBLEMENT
B10-385-5284-A,TOFEE BLEU CIEL
B10-385-5284-Y,TOFEE BLEU CIEL REUIR
B10-385-5275-A,TOFEE GRIS
B10-385-5275-Y,TOFEE GRIS
B10-504-5279-A,TOFEE KAFE
B10-504-5279-Y,TOFEE KAFE
B10-704-5283,TOFEE KAHVE-F
B10-704-5283-Y,TOFEE KAHVE-R
B10-504-5277A,TOFEE MIEL
B10-504-5277-Y,TOFEE MIEL REUIR
B10-504-5281-A,TOFEE NOIR
B10-504-5281-Y,TOFEE NOIR REUIR
B10-446-5287,TOFEE ROSE-F
B10-446-5287-Y,TOFEE ROSE-R
B10-385-5286,TOFEE TOP
B10-627-5282A,TOFEE TURK/MARRON
B10-627-5282Y,TOFEE TURK/MARRON
B10-704-5278,TOFEE VERT FLEURI 
B10-704-5278-Y,TOFEE VERT REUIR
B010-4286Y,TOFFEE MARON5277
B010-4288Y,TOFFEE MARRON(R5277)
T001,TOILE FLEURI FLOK
T003,TOILE UNIS
T002,TOILE UNIS FLOK
ARGENT,TRESS
BRONZE,TRESS
DORE,TRESS
TIG-3MT-ARGENT,TRINGLE
TIG-3MT-BRONCE,TRINGLE
TIG-3MT-DORE ,TRINGLE
TIG-4MT-BRONCE,TRINGLE
TIG-4MT-DORE ,TRINGLE
TIG-5MT-ARGENT,TRINGLE
TIG-5MT-DORE,TRINGLE
TRINGLE-3M,TRINGLE EN ACIER 3MT SIMPLE BRENZE AR191220
TRINGLE-3MT GOLD,TRINGLE EN ACIER 3MT SIMPLE GOLD AR191220
TRINGLE-3MT SELVER,TRINGLE EN ACIER 3MT SIMPLE SELVER AR191220
T182-182-7018-9809,TRIO
T182-2049-B22,TRIO
T182-3008-117,TRIO
T182-4008-4009,TRIO
T182-4012-6041,TRIO
T182-4047-8077,TRIO
T182-4548-22423,TRIO
T182-9500-8015,TRIO
T182-9500-9521,TRIO
T182-9503-9902,TRIO
T182-9522-9503,TRIO
T182-B57-6054,TRIO
T182-K442-1087,TRIO
T-C1,TrioC#1
T-C10,TrioC#10
T-C15,TrioC#15
T-C16,TrioC#16 FS
T-C2,TrioC#2 FS
T-C3,TrioC#3
T-C5,TrioC#5 FS
T-C7,TrioC#7
T-C8,TrioC#8
T-C9,TrioC#9
OSC-TL20_37,TULLE OSCAR TURK AR201022
B-05/,UNI MARRON
B-05..,UNI MIEL
B-05-,UNI MOV
B-05*,UNI NOIR
B-05.,UNI TURQUOISE
B02-1189,UNIS AVEC MOTIF 01
B02-1561,UNIS AVEC MOTIF 01
B02-1997,UNIS AVEC MOTIF 01
B02-2040,UNIS AVEC MOTIF 01
B02-229,UNIS AVEC MOTIF 01
B02-260,UNIS AVEC MOTIF 01
B02-263,UNIS AVEC MOTIF 01
B02-946,UNIS AVEC MOTIF 01
B01-1189,UNIS AVEC MOTIF 02
B01-1561,UNIS AVEC MOTIF 02
B01-1671,UNIS AVEC MOTIF 02
B01-224,UNIS AVEC MOTIF 02
B01-229,UNIS AVEC MOTIF 02
B01-260,UNIS AVEC MOTIF 02
B01-263,UNIS AVEC MOTIF 02
B01-946,UNIS AVEC MOTIF 02
B01-235,UNIS AVEC MOTIF 02 /FS
B05-B,UNIS BLEU CIEL
B7-PLAIN-1063,UNIS LUX
B7-PLAIN-1938,UNIS LUX
B7-PLAIN-1950,UNIS LUX
B7-PLAIN-525,UNIS LUX
B7-PLAIN-561,UNIS LUX
B7-PLAIN-666,UNIS LUX
B8-PLAIN-4051,UNIS LUX
B8-PLAIN-3183,UNIS LUX ECRU
B8-PLAIN-3205,UNIS LUX GRIS
B8-PLAIN-3129,UNIS LUX MARRON
B8-PLAIN-3123,UNIS LUX MIEL
B8-PLAIN-3189,UNIS LUX TOP
B8-PLAIN-2958,UNIS LUX VIOLET
B37 VN 47,UNIS LUX VN 497=0
B8-PLAIN-VN82,UNIS LUX VN82
B03-1189,UNIS VELOUR DE SOI
B03-1561,UNIS VELOUR DE SOI
B03-1671,UNIS VELOUR DE SOI
B03-1997,UNIS VELOUR DE SOI
B03-224,UNIS VELOUR DE SOI
B03-229,UNIS VELOUR DE SOI
B03-235,UNIS VELOUR DE SOI
B03-260,UNIS VELOUR DE SOI
B03-263,UNIS VELOUR DE SOI
B03-946,UNIS VELOUR DE SOI
B03-2040,UNIS VELOUR DE SOI =0
B03-243,UNIS VELOUR DE SOI =0
B03-746,UNIS VELOUR DE SOI =0
B03-778,UNIS VELOUR DE SOI =0
B03-989,UNIS VELOUR DE SOI =0
B-05-O,UNIS-AUBERGINE
B-05-R,UNIS-ROUGE
C12-47349,VARAN NOIR 
VG-04,VARENNA GREYD GRI
VG-06,VARENNA GREYD HARDAL
VG-03,VARENNA GREYD KHAVE
VG-05,VARENNA GREYD MAVI
VG-07,VARENNA GREYD MOR
VG-01,VARENNA GREYD PEMBE 
VG-02,VARENNA GREYD TURKUAZ
VG-08,VARENNA GREYD YESIL
B7-404-1063,VELOUR DE SOI AVEC MOTIF
B7-404-1938,VELOUR DE SOI AVEC MOTIF
B7-404-1950,VELOUR DE SOI AVEC MOTIF
B7-404-561,VELOUR DE SOI AVEC MOTIF
B7-404-666,VELOUR DE SOI AVEC MOTIF
B7-417-1938,VELOUR DE SOI AVEC MOTIF
B7-417-1950,VELOUR DE SOI AVEC MOTIF
B7-417-561,VELOUR DE SOI AVEC MOTIF
B7-417-666,VELOUR DE SOI AVEC MOTIF
B7-REYE-1063,VELOUR DE SOI AVEC MOTIF
B7-REYE-561,VELOUR DE SOI AVEC MOTIF
B7-REYER-1938,VELOUR DE SOI AVEC MOTIF
B7-REYER-525,VELOUR DE SOI AVEC MOTIF
B7-REYER-666,VELOUR DE SOI AVEC MOTIF
B7-404-525,VELOUR DE SOI AVEC MOTIF TOP
B8-12159-3183,VELOUR DE SOI ECRU
B37-18008K-3205,VELOUR DE SOI FLEURI
B37-18008K-4051,VELOUR DE SOI FLEURI
B37-18008K-4057,VELOUR DE SOI FLEURI
B37-18008K-4063,VELOUR DE SOI FLEURI
B37-18008K-VN47,VELOUR DE SOI FLEURI
B37-18008K-VN82,VELOUR DE SOI FLEURI
B37-18009-3205,VELOUR DE SOI FLEURI
B37-18009-4051,VELOUR DE SOI FLEURI
B37-18009-4057,VELOUR DE SOI FLEURI
B37-18009-4063,VELOUR DE SOI FLEURI
B37-18009-VN47,VELOUR DE SOI FLEURI
B37-18009-VN82,VELOUR DE SOI FLEURI
B8-12159-2958,VELOUR DE SOI FLEURI
B8-12159-3123,VELOUR DE SOI FLEURI
B8-12165-3123,VELOUR DE SOI FLEURI
B8-12165-3129,VELOUR DE SOI FLEURI
B8-12165-3183,VELOUR DE SOI FLEURI
B8-12159-3205,VELOUR DE SOI GRIS
B8-12165-3205,VELOUR DE SOI GRIS
B8-12159-3129,VELOUR DE SOI MARRON
B8-12165-3189,VELOUR DE SOI TOP
B37-3205,VELOUR DE SOI UNIS LUX
B37-4057,VELOUR DE SOI UNIS LUX
B37-4063,VELOUR DE SOI UNIS LUX
B8-12165-2958,VELOUR DE SOI VIOLET
HTM-3672-11,VELVET C1=0FSK
HTM-3672-07,VELVET C10=0 FSK
HTM-3672-13,VELVET C11 =0 FSK
HTM-3672-00,VELVET C12= FS /0
HTM-3672-0,VELVET C13
HTM-3672-05,VELVET C14=0FS
HTM-3672-04,VELVET C17/FS
HTM-3672-03,VELVET C18****1R
HTM-3672-000,VELVET C19
HTM-3672-09,VELVET C2=0 FSK
HTM-3672-08,VELVET C20=0FS
HTM-3672-15,VELVET C21
HTM-3672-06,VELVET C22=0 FS
HTM-3672-02,VELVET C23=0 FSK
HTM-3672-01,VELVET C24 FS
HTM-3672-16,VELVET C4FS
HTM-3672-12,VELVET C5
HTM-3672-14,VELVET C7 FS
HTM-3672-10,VELVET C9
A11,VELVET N
A12,VELVET N
A21,VELVET N
A4,VELVET N
A5,VELVET N
C20,VELVET N
A24,VELVET N ( FS)
A1,VELVET N FS
A14,VELVET N FS
A15,VELVET N FS
A18,VELVET N FS
A20,VELVET N FS
A23,VELVET N FS
ANG,VELVET N FS
V01,VERDI
C27-401669,VINCENT BLANC 670/283
C27-401670,VINCENT CREAM 671/284
C27-404845,VINCENT GRIS762
C27-401674,VINCENT KIM TOP FONCE 673/286
C27-401671,VINCENT KIMIK (TOP CLAIR 672/285)
C27-401675,VINCENT NOIR 675/381
C27-401672,VINCENT TETE DE NEIGRE 674
B16-2279-15001,VINDIK
B16-2279-15002,VINDIK
B16-2279-15003,VINDIK
B16-2279-15004,VINDIK
B16-2279-503,VINDIK
B16-2279-504,VINDIK
B16-2279-505,VINDIK
B16-2279-506,VINDIK
B16-2279-507,VINDIK
B16-2279-509,VINDIK
B16-2279-510,VINDIK
B16-2279-511,VINDIK
B40-1049,VIVA 1049
B40-2049,VIVA 2049
B40-3049,VIVA 3049
BLN-I161V1-1,VOIL DE LIN BELENAY AR201022
BLN-I161V4-1,VOIL DE LIN BELENAY AR201022
BLN-I161V5-1,VOIL DE LIN BELENAY AR201022
BLN-I172V9-1,VOIL DE LIN BELENAY AR201022
I003-16V03+40,VOIL DE LIN BELENAY TK AR200824
I010-16V10+40,VOIL DE LIN BELENAY TK AR200824
I047-11V15+40,VOIL DE LIN BELENAY TK AR200824
T1026-16V16,VOIL DE LIN BELENAY TK AR200824
B156,WARDA KABIRA
C06-A04,XS BEIGE
C06-A03,XS BLANC
C06-A11,XS BLEU
C06-XS ,XS GREJE
C06-A02,XS GRIS
C06-A09,XS MARON
C06-A06,XS MARON CLAIR
C06-A07,XS MOV FONCEE
C06-A05,XS NOIR
C06-A14,XS ORANGE
C06-A-KOALA 11,XS PINK
C06-A12,XS ROUGE
C06-A08,XS ROZE
C06-A01,XS TOP
C06-A10,XS VERT PISTACHE
C14-390,ZEBRA BAKIR-370
C14-589,ZEBRA BEJ
C14-01,ZEBRA BRONZE CLAIR
C14-370,ZEBRA MARRON-390
C14-810,ZEBRA NOIR
104,ZEN
118,ZEN
125,ZEN
160,ZEN
1618,ZEN
101,ZEN 
120,ZEN FS
1607,ZEN FS
1816,ZEN FS
B38-6707,ZITOUNA 
B38-K1-4705,ZITOUNA 
B38-K1-6707,ZITOUNA 
B38-4702,ZITOUNA =0
B38-4704,ZITOUNA BEJ
B38-K1-4704,ZITOUNA BEJ
B38-3110,ZITOUNA GRIS
B38-K1-3110,ZITOUNA GRIS
B38-6706,ZITOUNA MARRON
B38-K1-6706,ZITOUNA MARRON
B38-4705,ZITOUNA NOIR
B38-6708,ZITOUNA ROUGE
B38-K1-6708,ZITOUNA ROUGE
B38-K1-4702,ZITOUNA UNIS
